Model_Num,Model_ID,Feature_Combo,Combo_Size,Measures_M,N_inputs,Window_W,Target_Type,Split_Mode,Hidden_H,Parameters,Train_MAE_days,Test_MAE_days,Diff_MAE_days,Train_MAPE,Test_MAPE,Diff_MAPE,Val_MAE_days,Val_MAPE,Overfitting_Ratio,Clinically_Valid,Sessions_Red,Sessions_Yellow,Sessions_Green,Total_Sessions,P_R,P_G,P_bar_G,Dist_Ideal,Age_Red,Age_Yellow,Age_Green,Age_Total,is_pareto
209,AV+Metabolismo+Nutrizione_W30_H8_capped360_split_temporal,AV+Metabolismo+Nutrizione,3,37,148,30,capped360,split_temporal,8,1217,59.14,108.79,49.65,115.11,300.44,185.33,72.63,114.61,1.84,True,10951,127467,1099,139517,0.1793,0.8171,0.1829,0.2561,69.8,70.2,68.7,70.2,True
61,Nutrizione_W30_H44_capped360_split_temporal,Nutrizione,1,11,44,30,capped360,split_temporal,44,2113,59.59,94.89,35.3,120.06,249.27,129.21,71.5,114.46,1.592,True,20446,117713,1358,139517,0.1397,0.7599,0.2401,0.2778,71.9,70.0,62.9,70.2,True
110,AV+Nutrizione_W30_H32_capped360_split_temporal,AV+Nutrizione,2,31,124,30,capped360,split_temporal,32,4097,46.03,93.73,47.7,82.8,238.56,155.75,65.31,88.92,2.036,True,23007,113988,2522,139517,0.175,0.7657,0.2343,0.2924,71.9,69.9,67.0,70.2,True
246,AV+Anemia+Metabolismo+Nutrizione_W30_H64_capped360_split_temporal,AV+Anemia+Metabolismo+Nutrizione,4,44,176,30,capped360,split_temporal,64,11521,36.53,96.29,59.76,59.08,231.95,172.87,64.83,81.19,2.636,True,25928,102807,10782,139517,0.2228,0.7647,0.2353,0.324,71.1,70.2,67.8,70.2,False
194,AV+Anemia+Nutrizione_W30_H32_capped360_split_temporal,AV+Anemia+Nutrizione,3,38,152,30,capped360,split_temporal,32,4993,40.44,96.98,56.54,69.91,247.19,177.28,65.69,89.55,2.398,True,21893,114527,3097,139517,0.1899,0.7359,0.2641,0.3253,71.6,69.9,68.9,70.2,False
146,Anemia+Nutrizione_W30_H76_capped360_split_temporal,Anemia+Nutrizione,2,19,76,30,capped360,split_temporal,76,6081,52.65,96.28,43.63,103.84,243.11,139.27,69.55,103.96,1.829,True,22041,110049,7427,139517,0.1874,0.7265,0.2735,0.3315,71.9,70.0,67.8,70.2,False
436,Anemia+Metabolismo+Nutrizione_W30_H104_uncapped_split_temporal,Anemia+Metabolismo+Nutrizione,3,26,104,30,uncapped,split_temporal,104,11233,186.35,157.5,28.85,136.24,275.46,139.22,166.54,133.86,0.845,True,23682,44604,71231,139517,0.1693,0.7025,0.2975,0.3423,71.8,71.5,68.8,70.2,False
76,AV+Anemia_W30_H32_capped360_split_temporal,AV+Anemia,2,33,132,30,capped360,split_temporal,32,4353,43.98,110.48,66.51,75.1,291.07,215.97,69.17,92.86,2.512,True,13735,122537,3245,139517,0.2518,0.759,0.241,0.3485,71.0,70.1,68.0,70.2,False
93,AV+Metabolismo_W30_H32_capped360_split_temporal,AV+Metabolismo,2,32,128,30,capped360,split_temporal,32,4225,48.5,111.9,63.4,88.72,302.54,213.81,67.96,96.53,2.307,True,10478,121906,7133,139517,0.2175,0.7161,0.2839,0.3576,71.6,70.3,66.9,70.2,False
160,Metabolismo+Nutrizione_W30_H16_capped360_split_temporal,Metabolismo+Nutrizione,2,18,72,30,capped360,split_temporal,16,1217,60.92,103.52,42.59,121.78,280.79,159.01,74.33,118.27,1.699,True,15140,122243,2134,139517,0.1456,0.6715,0.3285,0.3593,71.8,70.1,66.1,70.2,False
177,AV+Anemia+Metabolismo_W30_H32_capped360_split_temporal,AV+Anemia+Metabolismo,3,39,156,30,capped360,split_temporal,32,5121,43.45,114.48,71.03,74.93,309.71,234.78,69.01,96.88,2.635,True,10622,121811,7084,139517,0.2762,0.7331,0.2669,0.3841,70.7,70.4,66.0,70.2,False
15,AV_W30_H32_capped360_split_temporal,AV,1,26,104,30,capped360,split_temporal,32,3457,50.88,112.95,62.07,93.58,304.25,210.67,70.18,99.83,2.22,True,9852,125565,4100,139517,0.2255,0.6666,0.3334,0.4025,71.3,70.2,67.5,70.2,False
361,Anemia+Metabolismo_W30_H60_uncapped_split_temporal,Anemia+Metabolismo,2,15,60,30,uncapped,split_temporal,60,3841,221.03,203.04,17.99,189.62,441.76,252.14,190.09,185.45,0.919,True,2712,25812,110993,139517,0.194,0.5626,0.4374,0.4785,70.1,71.4,69.9,70.2,False
277,Anemia_W30_H5_uncapped_split_temporal,Anemia,1,8,32,30,uncapped,split_temporal,5,181,243.91,207.05,36.85,207.98,472.18,264.2,198.34,198.3,0.849,True,1580,11944,125993,139517,0.1462,0.5341,0.4659,0.4883,69.9,72.2,70.0,70.2,False
707,Metabolismo_W60_H16_uncapped_split_patient,Metabolismo,1,7,28,60,uncapped,split_patient,16,513,191.68,201.27,9.59,246.36,251.25,4.89,196.83,234.24,1.05,True,5113,36192,60988,102293,0.356,0.6256,0.3744,0.5166,70.8,70.6,69.1,69.7,False
